Workbook

Sheet Vendas
A1: Código | B1: Produto | C1: Categoria | D1: Vendedor | E1: Mês | F1: Qtd Vendida | G1: Preço Unit. (R$) | H1: Total (R$) | I1: Meta (R$) | J1: Atingiu Meta? | K1: Fornecedor | L1: Descrição Completa
A2: P001 | B2: Camiseta Básica | C2: Feminino | D2: Ana | E2: Jan | F2: 45 | G2: 39.9 | H2: =F2*G2 -> 1795.5 | I2: 500 | J2: =IF(H2>=I2,"Sim","Não") -> Sim | K2: =_xlfn.XLOOKUP(A2,Produtos!A:A,Produtos!D:D,"Não encontrado") -> Confecções Alpha | L2: =_xlfn.CONCAT(A2," | ",B2," | ",C2) -> P001 | Camiseta Básica | Feminino
A3: P002 | B3: Calça Jeans Skinny | C3: Feminino | D3: Bruno | E3: Jan | F3: 30 | G3: 89.9 | H3: =F3*G3 -> 2697 | I3: 2500 | J3: =IF(H3>=I3,"Sim","Não") -> Sim | K3: =_xlfn.XLOOKUP(A3,Produtos!A:A,Produtos!D:D,"Não encontrado") -> Jeans & Cia | L3: =_xlfn.CONCAT(A3," | ",B3," | ",C3) -> P002 | Calça Jeans Skinny | Feminino
A4: P003 | B4: Vestido Floral | C4: Feminino | D4: Ana | E4: Jan | F4: 22 | G4: 69.9 | H4: =F4*G4 -> 1537.8 | I4: 1800 | J4: =IF(H4>=I4,"Sim","Não") -> Não | K4: =_xlfn.XLOOKUP(A4,Produtos!A:A,Produtos!D:D,"Não encontrado") -> Moda Bella | L4: =_xlfn.CONCAT(A4," | ",B4," | ",C4) -> P003 | Vestido Floral | Feminino
A5: P006 | B5: Calça Jeans Reta | C5: Masculino | D5: Carlos | E5: Jan | F5: 18 | G5: 79.9 | H5: =F5*G5 -> 1438.2 | I5: 1500 | J5: =IF(H5>=I5,"Sim","Não") -> Não | K5: =_xlfn.XLOOKUP(A5,Produtos!A:A,Produtos!D:D,"Não encontrado") -> Jeans & Cia | L5: =_xlfn.CONCAT(A5," | ",B5," | ",C5) -> P006 | Calça Jeans Reta | Masculino
A6: P007 | B6: Camisa Social | C6: Masculino | D6: Bruno | E6: Jan | F6: 12 | G6: 129.9 | H6: =F6*G6 -> 1558.8 | I6: 2000 | J6: =IF(H6>=I6,"Sim","Não") -> Não | K6: =_xlfn.XLOOKUP(A6,Produtos!A:A,Produtos!D:D,"Não encontrado") -> Formal Wear | L6: =_xlfn.CONCAT(A6," | ",B6," | ",C6) -> P007 | Camisa Social | Masculino
A7: P011 | B7: Conjunto Infantil | C7: Infantil | D7: Diana | E7: Jan | F7: 55 | G7: 49.9 | H7: =F7*G7 -> 2744.5 | I7: 2500 | J7: =IF(H7>=I7,"Sim","Não") -> Sim | K7: =_xlfn.XLOOKUP(A7,Produtos!A:A,Produtos!D:D,"Não encontrado") -> Baby Fashion | L7: =_xlfn.CONCAT(A7," | ",B7," | ",C7) -> P011 | Conjunto Infantil | Infantil
A8: P012 | B8: Vestido Infantil | C8: Infantil | D8: Ana | E8: Jan | F8: 38 | G8: 39.9 | H8: =F8*G8 -> 1516.2 | I8: 1500 | J8: =IF(H8>=I8,"Sim","Não") -> Sim | K8: =_xlfn.XLOOKUP(A8,Produtos!A:A,Produtos!D:D,"Não encontrado") -> Baby Fashion | L8: =_xlfn.CONCAT(A8," | ",B8," | ",C8) -> P012 | Vestido Infantil | Infantil
A9: P008 | B9: Camiseta Polo | C9: Masculino | D9: Carlos | E9: Jan | F9: 27 | G9: 59.9 | H9: =F9*G9 -> 1617.3 | I9: 1500 | J9: =IF(H9>=I9,"Sim","Não") -> Sim | K9: =_xlfn.XLOOKUP(A9,Produtos!A:A,Produtos!D:D,"Não encontrado") -> Confecções Alpha | L9: =_xlfn.CONCAT(A9," | ",B9," | ",C9) -> P008 | Camiseta Polo | Masculino
A10: P018 | B10: Meia Kit 3 Pares | C10: Unissex | D10: Bruno | E10: Jan | F10: 60 | G10: 19.9 | H10: =F10*G10 -> 1194 | I10: 800 | J10: =IF(H10>=I10,"Sim","Não") -> Sim | K10: =_xlfn.XLOOKUP(A10,Produtos!A:A,Produtos!D:D,"Não encontrado") -> Acessórios Total | L10: =_xlfn.CONCAT(A10," | ",B10," | ",C10) -> P018 | Meia Kit 3 Pares | Unissex
A11: P019 | B11: Cinto de Couro | C11: Unissex | D11: Diana | E11: Jan | F11: 15 | G11: 49.9 | H11: =F11*G11 -> 748.5 | I11: 600 | J11: =IF(H11>=I11,"Sim","Não") -> Sim | K11: =_xlfn.XLOOKUP(A11,Produtos!A:A,Produtos!D:D,"Não encontrado") -> Acessórios Total | L11: =_xlfn.CONCAT(A11," | ",B11," | ",C11) -> P019 | Cinto de Couro | Unissex
A12: P001 | B12: Camiseta Básica | C12: Feminino | D12: Carlos | E12: Fev | F12: 52 | G12: 39.9 | H12: =F12*G12 -> 2074.8 | I12: 1800 | J12: =IF(H12>=I12,"Sim","Não") -> Sim | K12: =_xlfn.XLOOKUP(A12,Produtos!A:A,Produtos!D:D,"Não encontrado") -> Confecções Alpha | L12: =_xlfn.CONCAT(A12," | ",B12," | ",C12) -> P001 | Camiseta Básica | Feminino
A13: P004 | B13: Blusa Manga Longa | C13: Feminino | D13: Ana | E13: Fev | F13: 28 | G13: 55.9 | H13: =F13*G13 -> 1565.2 | I13: 1500 | J13: =IF(H13>=I13,"Sim","Não") -> Sim | K13: =_xlfn.XLOOKUP(A13,Produtos!A:A,Produtos!D:D,"Não encontrado") -> Confecções Alpha | L13: =_xlfn.CONCAT(A13," | ",B13," | ",C13) -> P004 | Blusa Manga Longa | Feminino
... A51: P020 | B51: Boné Bordado | C51: Unissex | D51: Ana | E51: Mai | F51: 30 | G51: 39.9 | H51: =F51*G51 -> 1197 | I51: 1000 | J51: =IF(H51>=I51,"Sim","Não") -> Sim | K51: =_xlfn.XLOOKUP(A51,Produtos!A:A,Produtos!D:D,"Não encontrado") -> Urban Style | L51: =_xlfn.CONCAT(A51," | ",B51," | ",C51) -> P020 | Boné Bordado | Unissex
J52: ← Preencher com SE() | K52: ← Preencher com PROCX() | L52: ← Preencher com CONCAT()
A53: ÁREA DE RESUMO — Preencher com fórmulas
A54: Total geral arrecadado | E54: =SUM(H2:H51) -> 93787.7 | I54: Soma todos os totais da coluna H
A55: Média de itens vendidos por linha | E55: =AVERAGE(F2:F51) -> 33.46 | I55: Média da coluna Qtd Vendida
A56: Maior arrecadação individual | E56: =MAX(H4:H51) -> 3775.8 | I56: Maior valor na coluna Total
A57: Menor arrecadação individual | E57: =MIN(H2:H51) -> 748.5 | I57: Menor valor na coluna Total
A58: Qtd linhas com meta atingida | E58: =COUNTIF(J2:J51,"Sim") -> 35 | I58: Contar quantos atingiram a meta
A59: Total arrecadado — Feminino | E59: =SUMIF(C2:C51,"Feminino",H2:H51) -> 32072.1 | I59: Soma filtrada por categoria
A60: Total arrecadado — Masculino | E60: =SUMIF(C2:C51,"Masculino",H2:H51) -> 31676.7 | I60: Soma filtrada por categoria
A61: Total arrecadado — Infantil | E61: =SUMIF(C2:C51,"Infantil",H2:H51) -> 18345.4 | I61: Soma filtrada por categoria
A62: Total vendas — Vendedor Ana | E62: =SUMIF(D2:D51,"Ana",H2:H51) -> 23541.3 | I62: Soma filtrada por vendedor
A63: Qtd produtos vendidos em Jan | E63: =COUNTIF(E2:E51,"Jan") -> 10 | I63: Contar linhas do mês Janeiro

Sheet Produtos
A1: Código | B1: Produto | C1: Categoria | D1: Fornecedor | E1: Prazo Reposição (dias) | F1: Estoque Mínimo | G1: Ativo
A2: P001 | B2: Camiseta Básica | C2: Feminino | D2: Confecções Alpha | E2: 15 | F2: 20 | G2: Sim
A3: P002 | B3: Calça Jeans Skinny | C3: Feminino | D3: Jeans & Cia | E3: 20 | F3: 10 | G3: Sim
A4: P003 | B4: Vestido Floral | C4: Feminino | D4: Moda Bella | E4: 25 | F4: 8 | G4: Sim
A5: P004 | B5: Blusa Manga Longa | C5: Feminino | D5: Confecções Alpha | E5: 15 | F5: 15 | G5: Sim
A6: P005 | B6: Saia Midi | C6: Feminino | D6: Moda Bella | E6: 20 | F6: 10 | G6: Sim
A7: P006 | B7: Calça Jeans Reta | C7: Masculino | D7: Jeans & Cia | E7: 20 | F7: 12 | G7: Sim
A8: P007 | B8: Camisa Social | C8: Masculino | D8: Formal Wear | E8: 30 | F8: 10 | G8: Sim
A9: P008 | B9: Camiseta Polo | C9: Masculino | D9: Confecções Alpha | E9: 15 | F9: 15 | G9: Sim
A10: P009 | B10: Bermuda Cargo | C10: Masculino | D10: Urban Style | E10: 18 | F10: 12 | G10: Sim
A11: P010 | B11: Moletom Canguru | C11: Masculino | D11: Urban Style | E11: 22 | F11: 8 | G11: Sim
A12: P011 | B12: Conjunto Infantil | C12: Infantil | D12: Baby Fashion | E12: 20 | F12: 20 | G12: Sim
A13: P012 | B13: Vestido Infantil | C13: Infantil | D13: Baby Fashion | E13: 25 | F13: 15 | G13: Sim
... A21: P020 | B21: Boné Bordado | C21: Unissex | D21: Urban Style | E21: 12 | F21: 15 | G21: Não

Sheet Planilha1
A3: Mês | B3: Soma de Total (R$) | F3: Categoria | G3: Soma de Total (R$) | H3: % do Total | J3: Soma de Total (R$) | K3: Mês
A4: Jan | B4: 16847.8 | F4: Feminino | G4: 32072.1 | H4: 0.34196488 | J4: Vendedor | K4: Jan | L4: Fev | M4: Mar | N4: Abr | O4: Mai | P4: Total Geral
A5: Fev | B5: 16641.7 | F5: Infantil | G5: 18345.4 | H5: 0.19560561 | J5: Ana | K5: 4849.5 | L5: 3689.3 | M5: 3074.5 | N5: 5689.7 | O5: 6238.3 | P5: 23541.3
A6: Mar | B6: 18818.5 | F6: Masculino | G6: 31676.7 | H6: 0.33774898 | J6: Bruno | K6: 5449.8 | L6: 4285.6 | M6: 5300.1 | N6: 5294.6 | O6: 3833.2 | P6: 24163.3
A7: Abr | B7: 18806.4 | F7: Unissex | G7: 11693.5 | H7: 0.12468053 | J7: Carlos | K7: 3055.5 | L7: 5670.4 | M7: 3349.4 | N7: 4281.8 | O7: 5137.5 | P7: 21494.6
A8: Mai | B8: 22673.3 | F8: Total Geral | G8: 93787.7 | H8: 1 | J8: Diana | K8: 3493 | L8: 2996.4 | M8: 7094.5 | N8: 3540.3 | O8: 7464.3 | P8: 24588.5
A9: Total Geral | B9: 93787.7 | J9: Total Geral | K9: 16847.8 | L9: 16641.7 | M9: 18818.5 | N9: 18806.4 | O9: 22673.3 | P9: 93787.7
